-- INSERT STATEMENTS
-- Publisher (15 values)
INSERT INTO Publisher VALUES ('P0001', 'Alyson Books', '19 Jalan Pjs 11/7 Taman Bandar Sunway 46150 Petaling Jaya, Malaysia', '010-95382589');
INSERT INTO Publisher VALUES ('P0002', 'Anchor Book Press', '46A Jalan Serampang Taman Pelangi 80400 Johor, Malaysia', '010-53671855');
INSERT INTO Publisher VALUES ('P0003', 'Arcadia Publishing', '868 Jalan Subang 8 Taman Perindustrian Subang 47500, Petaling Jaya, Selangor, Malaysia', '010-98635921');
INSERT INTO Publisher VALUES ('P0004', 'Blackwell Publishing', '39 Jalan Utama 2/7 Taman Perindustrian Pcg Utama 47100 Puchong, Selangor, Malaysia', '014-40044268');
INSERT INTO Publisher VALUES ('P0005', 'Classiko Publishing', '15A Jalan Pembangunan Desa Rahmat 81200 Johor, Malaysia', '018-82277329');
INSERT INTO Publisher VALUES ('P0006', 'Conleyn Book Publishing', '85 Jalan Bendahara 31650 Ipoh, Perak, Malaysia', '018-47102238');
INSERT INTO Publisher VALUES ('P0007', 'Gerge Book Publishing', '23 Jalan Cengal 4 Taman Impian Ehsan 43300 Seri Kembangan, Malaysia', '010-44809593');
INSERT INTO Publisher VALUES ('P0008', 'MayerWood Publishing Co.', '19C Persiaran Greentown 7 Pusat Perdagangan 30450 Perak, Malaysia', '018-82203127');
INSERT INTO Publisher VALUES ('P0009', 'Mondo Publishing', '873 Jalan Sungai Dua 13800 Butterworth Pulau Pinang, Malaysia', '011-52530292');
INSERT INTO Publisher VALUES ('P0010', 'Morgan James Publishing', '19 Jalan Riang Utama Taman Gembira 81200 Johor, Malaysia', '010-95351579');
INSERT INTO Publisher VALUES ('P0011', 'Pars Books & Publishing', '20 Jalan Tpk 1/, Taman Perindustrian Kinrara, 47100, Puchong, Selangor, Malaysia', '013-46062361');
INSERT INTO Publisher VALUES ('P0012', 'Scholastic', 'No. 8 Jalan Tpp 1/6 Taman Industri Puchong 47100 Puchong, Selangor, Malaysia', '011-88691775');
INSERT INTO Publisher VALUES ('P0013', 'Sorriso Book Publishing', '29 Jalan Mewah 3/12 Taman Subang Mewah 47500 Petaling Jaya, Selangor, Malaysia', '018-61421437');
INSERT INTO Publisher VALUES ('P0014', 'The Publish Hut', '6 Persiaran Industri Bercham 6 Kawasan Industri Ringan Bercham 31400, Perak, Malaysia', '011-06571313');
INSERT INTO Publisher VALUES ('P0015', 'Zed Books', '21 Jalan 6/2 Taman Industri Selesa Jaya 43300 Seri Kembangan, Selangor, Malaysia', '010-79753943');
GO


-- Member (30 values)
INSERT INTO Member VALUES ('M0001', 'Jia Yong', 'Lim', 'F', 'tp059192@mail.apu.edu.my', 'No. 50, Jalan BK5/11, Bandar Kinrara, 47180 Puchong, Selangor, Malaysia.', '011-35153268');
INSERT INTO Member VALUES ('M0002', 'Leanne', 'Ooi', 'F', 'tp059138@mail.apu.edu.my', 'No. 559, Jalan SS23/11, Taman Sea, 47400 Petaling Jaya, Selangor, Malaysia.', '012-95132106');
INSERT INTO Member VALUES ('M0003', 'Adam', 'Chan', 'M', 'tp060774@mail.apu.edu.my', 'No. 7, Jalan 18/14 Seksyen 18 47800 Petaling Jaya, Selangor, Malaysia.', '011-16262219');
INSERT INTO Member VALUES ('M0004', 'Harry', 'Potter', 'M', 'tp061542@mail.apu.edu.my', ' No. 57 A, Jalan Meldrum, 80000 Johor Bahru, Johor, Malaysia.', '012-33037215');
INSERT INTO Member VALUES ('M0005', 'Ronald', 'Weasley', 'M', 'tp058462@mail.apu.edu.my', 'No. 25, Jalan Pju 8/3, Damansara Perdana, 47820 Petaling Jaya, Selangor, Malaysia.', '011-15370267');
INSERT INTO Member VALUES ('M0006', 'Hermione', 'Granger', 'F', 'tp057162@mail.apu.edu.my', 'No. 99, Jalan Pandan Indah 1/23A, Taman Pandan Indah, 55100 Kuala Lumpur, Malaysia.', '011-35253689');
INSERT INTO Member VALUES ('M0007', 'Draco', 'Malfoy', 'M', 'tp059462@mail.apu.edu.my', 'No. 255, Jalan Teratai, Taman Sultan Badlishah, 05050 Alor Setar, Kedah, Malaysia.', '019-61926726');
INSERT INTO Member VALUES ('M0008', 'Severus', 'Snape', 'M', 'severus@staffemail.apu.edu.my', 'No. 30, Jalan Ros Merah 2/16, Taman Jaya, 81100 Johor Bahru, Johor, Malaysia.', '017-34627319');
INSERT INTO Member VALUES ('M0009', 'Minerva', 'McGonagall', 'F', 'minerva@staffemail.apu.edu.my', 'No. 916, Jalan China Kuching, 93000 Kuching, Sarawak, Malaysia.', '017-67315978');
INSERT INTO Member VALUES ('M0010', 'Albus', 'Dumbledore', 'M', 'albus@staffemail.apu.edu.my', 'No. 88, Jalan 16/11, Off Jalan Damansara, 46350 Petaling Jaya, Malaysia.', '016-88134306');

INSERT INTO Member VALUES ('M0011', 'Yen Hui', 'Chew', 'F', 'tp060482@mail.apu.edu.my', 'No. 58, Jalan Kilang Midah, Taman Midah, 56000 Kuala Lumpur, Malaysia.', '016-39451651');
INSERT INTO Member VALUES ('M0012', 'Zhi Chin', 'Voon', 'F', 'tp061892@mail.apu.edu.my', 'No. 252, Jalan Riang, Taman Gembira, 57200 Kuala Lumpur, Malaysia.', '016-39419677');
INSERT INTO Member VALUES ('M0013', 'Chun Yee', 'Yap', 'M', 'tp061956@mail.apu.edu.my', 'No. 359, Jalan Jugra Off Lama Batu 3 1/4, 58000 Klang, Selangor, Malaysia.', '013-43185973');
INSERT INTO Member VALUES ('M0014', 'Howard', 'Yap', 'M', 'tp057512@mail.apu.edu.my', 'No. 69, Jalan Masjid Taiping, 34000 Taiping, Perak, Malaysia.', '017-69430815');
INSERT INTO Member VALUES ('M0015', 'David', 'Malan', 'M', 'davidmalan@staffemail.apu.edu.my', 'No. 294, Jalan Kipas 34/9, Seksyen 34 Bukit Kemuning Light Industrial Park, 40000 Shah Alam, Selangor, Malaysia.', '012-22191523');
INSERT INTO Member VALUES ('M0016', 'Jing Wen', 'Tee', 'F', 'tp058224@mail.apu.edu.my', 'No. 84, Jalan Gombak Batu 6 3/4, Kampung Simpang Tiga Gombak, 53100 Kuala Lumpur, Malaysia.', '012-73891431');
INSERT INTO Member VALUES ('M0017', 'Brian', 'Yu', 'M', 'brianyu@staffemail.apu.edu.my', 'No. 658, Lorong Selamat, 10400 Georgetown, Pulau Pinang, Malaysia.', '014-65892721');
INSERT INTO Member VALUES ('M0018', 'Fred', 'Weasley', 'M', 'tp059332@mail.apu.edu.my', 'No. 25, Jalan Pju 8/3, Damansara Perdana, 47820 Petaling Jaya, Selangor, Malaysia.', '019-55940586');
INSERT INTO Member VALUES ('M0019', 'Emma', 'Watson', 'F', 'tp061779@mail.apu.edu.my', 'No. 54, Jalan Sutera Taman Sentosa, 80150 Johor Bahru, Johor, Malaysia.', '013-50460892');
INSERT INTO Member VALUES ('M0020', 'Danield', 'Humphrey', 'M', 'tp059431@mail.apu.edu.my', 'No. 90, Jalan Bandar 4, Taman Melawati Hulu, 53100 Klang, Selangor, Malaysia.', '016-43067208');

INSERT INTO Member VALUES ('M0021', 'Chuck', 'Bass', 'M', 'tp061558@mail.apu.edu.my', 'No. 195, Jalan Main Bazaar, 93000 Kuching, Sarawak, Malaysia.', '011-46298134');
INSERT INTO Member VALUES ('M0022', 'Serena', 'Woodson', 'F', 'tp060478@mail.apu.edu.my', 'No. 507, Jalan Bagan Ajam, 13000 Butterworth, Pulau Pinang, Malaysia.', '017-59064302');
INSERT INTO Member VALUES ('M0023', 'William', 'Wong', 'M', 'tp058493@mail.apu.edu.my', 'No. 54, Jalan Yap Lee, 28400 Mentakab, Pahang, Malaysia.', '014-62064054');
INSERT INTO Member VALUES ('M0024', 'Wei Kang', 'Tan', 'M', 'tp057943@mail.apu.edu.my', 'No. 920, Jalan Dato Abdul Malek, 70000 Seremban, Negeri Sembilan, Malaysia.', '014-56406926');
INSERT INTO Member VALUES ('M0025', 'Tom', 'Holland', 'M', 'tp058431@mail.apu.edu.my', 'No. 65, Jalan USJ 6/7 USJ 6, 47610 Petaling Jaya, Selangor, Malaysia.', '012-40656206');
INSERT INTO Member VALUES ('M0026', 'Blake', 'Lively', 'F', 'tp060666@mail.apu.edu.my', 'Lot 38, Jalan E1/4, Taman Ehsan Industrial Park, 52100 Kuala Lumpur, Malaysia.', '013-38613169');
INSERT INTO Member VALUES ('M0027', 'Taylor', 'Swift', 'F', 'tp061888@mail.apu.edu.my', 'No. 92, Jalan 6/118C, Desa Tun Razak Malaysia, 56000 Kuala Lumpur, Malaysia.', '012-12697615');
INSERT INTO Member VALUES ('M0028', 'Ryan', 'Reynolds', 'M', 'tp060988@mail.apu.edu.my', 'No. 4342, Jalan 1 Kampung Baru Salak Selatan, 57100 Kuala Lumpur, Malaysia.', '018-30662526');
INSERT INTO Member VALUES ('M0029', 'Erica', 'Lim', 'F', 'tp061986@mail.apu.edu.my', 'No. 570, Jalan Taman Kinta Taman Chateau, 60250 Ipoh, Perak, Malaysia.', '016-19762649');
INSERT INTO Member VALUES ('M0030', 'Felix', 'Kjelberg', 'M', 'felix@staffemail.apu.edu.my', 'No. 942, Lorong Tun Ismail 6, 25000 Kuantan, Pahang, Malaysia.', '019-34661623');
GO


--Orders (25 Values)
INSERT INTO Orders VALUES ('O0001', '2021-04-02', 'Sent', 'P0001');
INSERT INTO Orders VALUES ('O0002', '2021-04-03', 'Sent', 'P0001');
INSERT INTO Orders VALUES ('O0003', '2021-04-03', 'Sent', 'P0002');
INSERT INTO Orders VALUES ('O0004', '2021-04-05', 'Sent', 'P0004');
INSERT INTO Orders VALUES ('O0005', '2021-04-10', 'Sent', 'P0006');
INSERT INTO Orders VALUES ('O0006', '2021-04-11', 'Sent', 'P0008');
INSERT INTO Orders VALUES ('O0007', '2021-04-20', 'Sent', 'P0012');
INSERT INTO Orders VALUES ('O0008', '2021-04-27', 'Sent', 'P0001');
INSERT INTO Orders VALUES ('O0009', '2021-04-30', 'Sent', 'P0014');
INSERT INTO Orders VALUES ('O0010', '2021-05-05', 'Sent', 'P0015');

INSERT INTO Orders VALUES ('O0011', '2021-05-10', 'Sent', 'P0005');
INSERT INTO Orders VALUES ('O0012', '2021-05-18', 'Sent', 'P0009');
INSERT INTO Orders VALUES ('O0013', '2021-05-20', 'Sent', 'P0013');
INSERT INTO Orders VALUES ('O0014', '2021-05-24', 'Sent', 'P0009');
INSERT INTO Orders VALUES ('O0015', '2021-05-31', 'Pending', 'P0001');
INSERT INTO Orders VALUES ('O0016', '2021-06-02', 'Pending', 'P0001');
INSERT INTO Orders VALUES ('O0017', '2021-06-05', 'Pending', 'P0006');
INSERT INTO Orders VALUES ('O0018', '2021-06-10', 'Pending', 'P0002');
INSERT INTO Orders VALUES ('O0019', '2021-06-13', 'Pending', 'P0010');
INSERT INTO Orders VALUES ('O0020', '2021-06-17', 'Pending', 'P0007');

INSERT INTO Orders VALUES ('O0021', '2021-06-20', 'Pending', 'P0011');
INSERT INTO Orders VALUES ('O0022', '2021-06-23', 'Pending', 'P0003');
INSERT INTO Orders VALUES ('O0023', '2021-06-25', 'Pending', 'P0003');
INSERT INTO Orders VALUES ('O0024', '2021-06-27', 'Pending', 'P0009');
INSERT INTO Orders VALUES ('O0025', '2021-06-30', 'Pending', 'P0001');
GO


--Book (50 Values)
INSERT INTO Book VALUES ('978-12-34567-89-7', 'Clap When You Land', '34.50','Camino Rios lives for the summers when her father visits her in the Dominican Republic. But this time, on the day when his plane is supposed to land, Camino arrives at the airport to see crowds of crying people.', '2020-03-12', '300', 'Comedy', 'Elizabeth Acevedo', 'P0001');
INSERT INTO Book VALUES ('978-03-23456-16-0', 'A Good Girl Guide to Murder', '38.50','Pretty and popular high school senior Andie Bell was murdered by her boyfriend, Sal Singh, who then killed himself. It was all anyone could talk about. And five years later, Pip sees how the tragedy still haunts her town.', '2020-03-18', '350', 'Thriller', 'Holly Jackson', 'P0005');
INSERT INTO Book VALUES ('965-19-45632-99-0', 'One Of Us Is Next', '40.00','A ton of copycat gossip apps have popped up since Simon died, but in the year since the Bayview four were cleared of his shocking death, no one has been able to fill the gossip void quite like he could. The problem is no one has the facts.', '2020-04-01', '400', 'Horror', 'Karen M. Magnus', 'P0015');
INSERT INTO Book VALUES ('944-01-36667-66-3', 'Felix Ever After', '32.60','Felix Love has never been in love—and, yes, he’s painfully aware of the irony. He desperately wants to know what it’s like and why it seems so easy for everyone but him to find someone.', '2020-04-16', '440', 'Romance', 'Kacen Clendder', 'P0008');
INSERT INTO Book VALUES ('925-12-12352-03-5', 'You Should See Me In A Crown', '25.00','Liz Lighty has always believed she is too black, too poor, too awkward to shine in her small, rich, prom-obsessed midwestern town. But it is okay -- Liz has a plan that will get her out of Campbell, Indiana, forever: attend the uber.', '2020-04-28', '120', 'RomCom', 'Leah Johnson', 'P0011');
INSERT INTO Book VALUES ('922-24-29837-05-2', 'The Inheritance Game', '50.00','Avery Grambs has a plan for a better future: survive high school, win a scholarship, and get out. But her fortunes change in an instant when billionaire Tobias Hawthorne dies and leaves Avery virtually his entire fortune. The catch?', '2020-05-11', '500', 'Fantasy', 'Jennifer Lyn Barns', 'P0004');
INSERT INTO Book VALUES ('912-00-98283-43-6', 'The Hand On The Wall', '51.00','Ellingham Academy must be cursed. Three people are now dead. One, a victim of either a prank gone wrong or a murder. Another, dead by misadventure. And now, an accident in Burlington has claimed another life.', '2020-05-15', '150', 'Fantasy', 'Maureen Johnson', 'P0010');
INSERT INTO Book VALUES ('909-87-09485-33-1', 'Majesty', '15.40','Power is intoxicating. Like first love, it can leave you breathless. Princess Beatrice was born with it. Princess Samantha was born with less. Some, like Nina Gonzalez, are pulled into it. Ahem, we are looking at you Daphne Deighton.', '2020-05-29', '111', 'Comedy', 'Katherine McGee', 'P0005');
INSERT INTO Book VALUES ('910-90-03492-22-6', 'Tweet Cute', '20.00','All’s fair in love and cheese ― that is, until Pepper and Jack’s spat turns into a viral Twitter war. Little do they know, while they’re publicly duking it out with snarky memes and retweet battles.', '2020-06-18', '120', 'RomCom', 'Emma Lord', 'P0013');
INSERT INTO Book VALUES ('922-69-83927-11-3', 'I Feel Bad About My Neck', '67.00','With her disarming, intimate, voice, and dry sense of humor, Nora Ephron shares with us her ups and downs in I Feel Bad About My Neck, a candid look at women who are dealing with the tribulations of maintenance, menopause and life itself.', '2006-08-20', '43', 'Self-Enrichment', 'Nora Ephron', 'P0015');

INSERT INTO Book VALUES ('872-35-00928-00-9', 'Broken Glass', '44.44','Alain Mabanckou’s riotous new novel centers on the patrons of a run-down bar in the Congo. In a country that appears to have forgotten the importance of remembering, a bar regular, Broken Glass has been elected to record their stories for posterity.', '2005-01-11', '120', 'Cultural', 'Alain Mabanckou', 'P0004');
INSERT INTO Book VALUES ('832-56-09478-33-8', 'A Little Life', '77.00',' Yet their greatest challenge, each comes to realize, is Jude himself, by midlife a terrifyingly talented litigator yet an increasingly broken man, and haunted by what he fears is a degree of trauma.', '2015-12-01', '100', 'Comtemporary', 'Hanya Yanighara', 'P0002');
INSERT INTO Book VALUES ('809-12-89238-22-0', 'Coraline', '21.12','In Coraline family new flat are twenty-one windows and fourteen doors. The fourteenth is locked, and on the other side is only a brick wall, until the day Coraline unlocks the door to find a passage to another flat in another house just like her own.', '2002-01-22', '220', 'Horror', 'Nail Gailman', 'P0012');
INSERT INTO Book VALUES ('781-10-98237-23-6', 'Seven Brief Lessons on Physics', '89.00','Carlo Rovelli offers surprising—and surprisingly easy to grasp—explanations of general relativity, quantum mechanics, elementary particles, gravity, black holes, the complex architecture of the universe, and the role humans play in this world.', '2014-10-09', '600', 'Science', 'Carlo Rovelli', 'P0007');
INSERT INTO Book VALUES ('755-52-09812-08-8', 'Underland', '90.00','Traveling through the dizzying expanse of geologic time—from prehistoric art in Norwegian sea caves, to the blue depths of the Greenland ice cap, to a deep-sunk "hiding place" where nuclear waste will be stored for 100,000 years to come.', '2010-05-24', '99', 'History', 'Robert Macfarlane', 'P0001');
INSERT INTO Book VALUES ('710-49-89487-90-2', 'Shadow Witch', '11.50','Okay, so I’m in trouble. Big trouble. I’m broke. Worse, my boyfriend of five years just dumped me. What do I do? I move in with my three eccentric aunts in their family home. Sounds exciting, only this massive farmhouse likes to eat men.', '2018-02-22', '342', 'Fantasy', 'Kim Richardson', 'P0005');
INSERT INTO Book VALUES ('700-65-09322-42-4', 'Beach Read', '10.00','Augustus Everett is an acclaimed author of literary fiction. January Andrews writes bestselling romance. When she pens a happily ever after, he kills off his entire cast. They are polar opposites.', '2017-03-22', '376', 'Romance', 'Emily Harry', 'P0006');
INSERT INTO Book VALUES ('700-12-43654-12-2', 'The Switch', '39.10','When overachiever Leena Cotton is ordered to take a two-month sabbatical after blowing a big presentation at work, she escapes to her grandmother Eileen house for some overdue rest. Eileen is newly single and about to turn eighty.', '2017-03-22', '211', 'Romance', 'Bryn Brairs', 'P0006');
INSERT INTO Book VALUES ('689-15-22345-00-1', 'The Midnight Library', '34.50','Between life and death there is a library, and within that library, the shelves go on forever. Every book provides a chance to try another life you could have lived.', '2020-03-21', '111', 'Fantasy', 'Elizabeth Acevedo', 'P0012');
INSERT INTO Book VALUES ('678-11-32222-89-7', 'The Guest List', '31.50','But perfection is for plans, and people are all too human. It is not long after the cake is cut and the champagne popped that resentments. Worse yet, the latest barometer reading shows the weather has shifted from FAIR to CHANGEABLE.', '2020-03-12', '324', 'Mystery', 'Elizabeth Acevedo', 'P0012');

INSERT INTO Book VALUES ('978-43-34367-83-2', 'The Vanishing Half', '23.90','The Vignes twin sisters will always be identical. But after growing up together in a small, southern black community and running away at age sixteen, it not just the shape of their daily lives that is different as adults.', '2003-03-12', '100', 'History', 'Brit Bennet', 'P0001');
INSERT INTO Book VALUES ('342-12-34567-89-7', 'House of Earth and Blood', '78.90','Bryce Quinlan had the perfect life—working hard all day and partying all night—until a demon murdered her closest friends, leaving her bereft, wounded, and alone. When the accused is behind bars, Bryce finds herself at the heart of the investigation.', '2021-04-12', '600', 'Fantasy', 'Sarah J. Maas', 'P0003');
INSERT INTO Book VALUES ('425-12-34567-43-8', 'Strange Planet', '9.00','Straight from the mind of New York Times bestselling author Nathan W. Pyle comes an adorable and profound universe. Based on the phenomenally popular Instagram of the same name, Strange Planet covers a full life cycle of the planet’s inhabitants.', '2021-01-12', '700', 'Comedy', 'Nathan W. Pyle', 'P0011');
INSERT INTO Book VALUES ('999-12-34567-22-1', 'A Promised Land', '99.99','In the stirring, highly anticipated first volume of his presidential memoirs, Barack Obama tells the story of his odyssey from young man searching for his identity to leader, describing in strikingly personal detail both his political education.', '2020-12-12', '300', 'Biography', 'Barack Obama', 'P0015');
INSERT INTO Book VALUES ('999-99-67456-89-7', 'Caste: The Origins of Our Discontents', '88.88','In this brilliant book, Isabel Wilkerson gives us a masterful portrait of an unseen phenomenon in America as she explores, through an immersive, deeply researched narrative and stories about real people, .', '2020-12-12', '780', 'Politics', 'Isabel Wickerson', 'P0014');
INSERT INTO Book VALUES ('456-12-34567-89-9', 'Heartstopper: Volume Three', '34.50','Charlie didnt think Nick could ever like him back, but now they are officially boyfriends. Nicks even found the courage to come out to his mum.', '2020-12-12', '99', 'RomCom', 'Alice Olseman', 'P0009');
INSERT INTO Book VALUES ('978-12-21111-82-1', 'Such a Fun Age', '22.22','Alix Chamberlain is a woman who gets what she wants and has made a living, with her confidence-driven brand, showing other women how to do the same. Emira Tucker, is confronted while watching the Chamberlains toddler one night', '2019-08-12', '100', 'RomCom', 'Alice Olseman', 'P0009');
INSERT INTO Book VALUES ('334-00-34567-89-7', 'Dearly', '34.50','In Dearly, Margaret Atwood’s first collection of poetry in over a decade, Atwood addresses themes such as love, loss, the passage of time, the nature of nature and - zombies. ', '2012-08-12', '50', 'Poetry', 'Carla Rainbow', 'P0003');
INSERT INTO Book VALUES ('334-12-34567-65-2', 'From Blood and Ash', '50.50','Chosen from birth to usher in a new era, Poppy’s life has never been her own. The life of the Maiden is solitary. Never to be touched. Never to be looked upon. Never to be spoken to. Never to experience pleasure.', '2011-08-12', '900', 'Romance', 'Jennifer L. Armentrout', 'P0009');
INSERT INTO Book VALUES ('121-12-22367-49-7', 'To Sleep in a Sea of Stars', '94.50','Kira Navárez dreamed of life on new worlds. Now shes awakened a nightmare. During a routine survey mission on an uncolonized planet, Kira finds an alien relic.', '2021-01-01', '234', 'Thriller', 'Jennifer Ashton', 'P0010');

INSERT INTO Book VALUES ('988-23-33567-89-4', 'Mexican Gothic', '34.00','After receiving a frantic letter from her newly-wed cousin begging for someone to save her from a mysterious doom, Noemí Taboada heads to High Place, a distant house in the Mexican countryside.', '2013-02-01', '33', 'Horror', 'Elizabeth Garton', 'P0015');
INSERT INTO Book VALUES ('333-01-34344-22-7', 'That Summer', '8.90','Daisy Shoemaker can’t sleep. With a thriving cooking business, full schedule of volunteer work, and a beautiful home in the Philadelphia suburbs, she should be content. But her teenage daughter can be a handful; her husband can be distant.', '2021-05-01', '233', 'Romance', 'Katie Garton', 'P0007');
INSERT INTO Book VALUES ('915-12-33217-84-1', 'The Atmospherians', '12.00','Sasha Marcus was once the epitome of contemporary success: an internet sensation, social media darling, and a creator of a high profile wellness brand for women. But a confrontation with an abusive troll has taken a horrifying turn.', '2021-06-01', '556', 'Contemporary', 'Leon Ling', 'P0004');
INSERT INTO Book VALUES ('112-11-12312-23-7', 'The Premonition: A Pandemic Story', '40.90','Fortunately, we are still a nation of skeptics. Fortunately, there are those among us who study pandemics and are willing to look unflinchingly at worst-case scenarios. ', '2021-04-11', '500', 'Contemporary', 'Matthow Tan', 'P0008');
INSERT INTO Book VALUES ('978-12-34567-89-4', 'Youre Invited', '34.50','The most universal strategy for success is creating meaningful connections with those who can impact you, your life.', '2021-04-11', '223', 'Contemporary', 'Matthow Tan', 'P0008');
INSERT INTO Book VALUES ('978-12-34567-39-2', 'Lets Talk About Hard Things', '70.00','Anna Sale wants you to have that conversation. You know the one. The one that you’ve been avoiding or putting off, maybe for years.', '2021-04-11', '223', 'Romance', 'Melissa Mel', 'P0011');
INSERT INTO Book VALUES ('978-12-34333-90-2', 'The Ones Were Meant to Find', '60.60','Cee has been trapped on an abandoned island for three years without any recollection of how she arrived, or memories from her life prior.','2013-04-23', '211', 'Sci-Fi', 'Ciber Cheng', 'P0012');
INSERT INTO Book VALUES ('900-12-34567-89-7', 'China: The Novel', '77.77','Edward Rutherfurd has enthralled millions of readers with his grand, sweeping historical sagas. That tell the history of a famous place over multiple generations.', '2003-11-23', '23', 'History', 'Au Yang Ming Cheng', 'P0013');
INSERT INTO Book VALUES ('900-10-30007-00-0', 'The Plot', '32.50','Jacob Finch Bonner was once a promising young novelist with a respectably published first book. Today, hes teaching in a third-rate MFA program and struggling to maintain whats left of his self-respect.', '2007-01-02', '50', 'Mystery', 'Ling Ling', 'P0003');
INSERT INTO Book VALUES ('100-12-34567-10-2', 'Local Woman Missing', '10.50','Shelby Tebow is the first to go missing. Not long after, Meredith Dickey and her six-year-old daughter, Delilah, vanish just blocks away from where Shelby was last seen, striking fear into their once-peaceful community.', '2001-11-23', '10', 'Thriller', 'Josh Cheng', 'P0015');

INSERT INTO Book VALUES ('500-33-33567-89-7', 'Project Hail Mary', '24.50','Ryland Grace is the sole survivor on a desperate, last-chance mission--and if he fails, humanity and the earth itself will perish.','2005-12-22', '188', 'Thriller', 'Josh Cheng', 'P0015');
INSERT INTO Book VALUES ('200-12-00001-29-7', 'We Are Satellites', '34.50','Val and Julie just want whats best for their kids, David and Sophie. So when teenage son David comes home one day asking for a Pilot, a new brain implant to help with school.', '2011-02-22', '100', 'Sci-Fi', 'Amelia Hart', 'P0012');
INSERT INTO Book VALUES ('380-12-11211-12-2', 'Incredible Doom', '12.50','Allison is drowning under the weight of her manipulative stage magician father. When he brings home the family’s first computer, she escapes into a thrilling new world.', '2020-12-22', '900', 'Sci-Fi', 'Coco Iywa', 'P0009');
INSERT INTO Book VALUES ('666-65-37867-89-7', 'Turtle in Paradise', '92.00','Life isnt like the movies. But then again, 11-year-old Turtle is no Shirley Temple. Shes smart and tough and has seen enough of the world not to expect a Hollywood ending', '2010-02-02', '409', 'Fantasy', 'Coco Iywa', 'P0009');
INSERT INTO Book VALUES ('201-12-12382-32-7', 'Wynd', '10.00','Wynd seems like a regular boy in the fantastical world of Esseriel, except he’s got a magical secret. Now he’s set off on a journey with his best friend and the boy of his dreams.', '2014-12-23', '922', 'Horror', 'Ishli Ioko', 'P0014');
INSERT INTO Book VALUES ('890-92-34567-89-7', 'Mary Jane', '99.99','In 1970s Baltimore, fourteen-year-old Mary Jane loves cooking with her mother, singing in her church choir, and enjoying her family’s subscription to the Broadway Show Tunes of the Month record club. ', '2021-09-09', '112', 'Contemporary', 'Julian Mars', 'P0004');
INSERT INTO Book VALUES ('550-55-55554-54-4', 'Ariadne', '20.50','As Princesses of Crete and daughters of the fearsome King Minos, Ariadne and her sister Phaedra grow up hearing the hoofbeats and bellows of the Minotaur echo from the Labyrinth beneath the palace.', '2021-12-30', '500', 'Fantasy', 'Julian Mars', 'P0006');
INSERT INTO Book VALUES ('223-12-12423-66-7', 'Firebreak', '5.50','Like everyone else she knows,Mallory is an orphan of the corporate war. As a child, she lost her parents, her home, and her entire building in an airstrike. ', '2004-09-11', '80', 'Sci-Fi', 'Clara Clam', 'P0010');
INSERT INTO Book VALUES ('115-12-34567-89-5', 'Hang the Moon', '60.60','Brendon Lowell loves love. It’s why he created a dating app to help people find their one true pairing and why he’s convinced “the one” is out there, even if he hasn’t met her yet. Or... has he?', '2009-10-11', '55', 'Romance', 'Heartz Lim', 'P0003');
INSERT INTO Book VALUES ('223-12-34567-89-7', 'Modern Comfort Food: A Barefoot Contessa Cookbook', '87.90', 'Ina Garten shares 85 new recipes that will feed your deepest cravings. Many of these dishes are inspired by childhood favorites.', '2016-01-11', '300', 'Culinary', 'Ina Garten', 'P0006');
GO


--BOOK-ORDERS (50 Values)
INSERT INTO Book_Orders VALUES ('978-12-34567-89-7', 'O0001', '100'); 
INSERT INTO Book_Orders VALUES ('755-52-09812-08-8', 'O0001', '300');
INSERT INTO Book_Orders VALUES ('978-43-34367-83-2', 'O0002', '99');
INSERT INTO Book_Orders VALUES ('832-56-09478-33-8', 'O0003', '500');
INSERT INTO Book_Orders VALUES ('922-24-29837-05-2', 'O0004', '55');
INSERT INTO Book_Orders VALUES ('872-35-00928-00-9', 'O0004', '100');
INSERT INTO Book_Orders VALUES ('915-12-33217-84-1', 'O0004', '330');
INSERT INTO Book_Orders VALUES ('890-92-34567-89-7', 'O0004', '200');
INSERT INTO Book_Orders VALUES ('700-65-09322-42-4', 'O0005', '99');
INSERT INTO Book_Orders VALUES ('700-12-43654-12-2', 'O0005', '500');

INSERT INTO Book_Orders VALUES ('550-55-55554-54-4', 'O0005', '150');
INSERT INTO Book_Orders VALUES ('223-12-34567-89-7', 'O0005', '90');
INSERT INTO Book_Orders VALUES ('978-12-34567-89-4', 'O0006', '110');
INSERT INTO Book_Orders VALUES ('944-01-36667-66-3', 'O0006', '300');
INSERT INTO Book_Orders VALUES ('112-11-12312-23-7', 'O0006', '340');
INSERT INTO Book_Orders VALUES ('809-12-89238-22-0', 'O0007', '220');
INSERT INTO Book_Orders VALUES ('689-15-22345-00-1', 'O0007', '120');
INSERT INTO Book_Orders VALUES ('678-11-32222-89-7', 'O0007', '66');
INSERT INTO Book_Orders VALUES ('978-12-34333-90-2', 'O0007', '70');
INSERT INTO Book_Orders VALUES ('200-12-00001-29-7', 'O0007', '80');

INSERT INTO Book_Orders VALUES ('678-11-32222-89-7', 'O0008', '180');
INSERT INTO Book_Orders VALUES ('755-52-09812-08-8', 'O0008', '250');
INSERT INTO Book_Orders VALUES ('999-99-67456-89-7', 'O0009', '220');
INSERT INTO Book_Orders VALUES ('201-12-12382-32-7', 'O0009', '100');
INSERT INTO Book_Orders VALUES ('965-19-45632-99-0', 'O0010', '100');
INSERT INTO Book_Orders VALUES ('999-12-34567-22-1', 'O0010', '290');
INSERT INTO Book_Orders VALUES ('988-23-33567-89-4', 'O0010', '400');
INSERT INTO Book_Orders VALUES ('922-69-83927-11-3', 'O0010', '150');
INSERT INTO Book_Orders VALUES ('909-87-09485-33-1', 'O0011', '110');
INSERT INTO Book_Orders VALUES ('710-49-89487-90-2', 'O0011', '100');

INSERT INTO Book_Orders VALUES ('456-12-34567-89-9', 'O0012', '100');
INSERT INTO Book_Orders VALUES ('978-12-21111-82-1', 'O0012', '390');
INSERT INTO Book_Orders VALUES ('910-90-03492-22-6', 'O0013', '200');
INSERT INTO Book_Orders VALUES ('380-12-11211-12-2', 'O0014', '200');
INSERT INTO Book_Orders VALUES ('978-43-34367-83-2', 'O0015', '200');
INSERT INTO Book_Orders VALUES ('755-52-09812-08-8', 'O0015', '210');
INSERT INTO Book_Orders VALUES ('978-12-34567-89-7', 'O0015', '210');
INSERT INTO Book_Orders VALUES ('755-52-09812-08-8', 'O0016', '70');
INSERT INTO Book_Orders VALUES ('700-65-09322-42-4', 'O0017', '80');
INSERT INTO Book_Orders VALUES ('550-55-55554-54-4', 'O0017', '90');

INSERT INTO Book_Orders VALUES ('832-56-09478-33-8', 'O0018', '130');
INSERT INTO Book_Orders VALUES ('912-00-98283-43-6', 'O0019', '150');
INSERT INTO Book_Orders VALUES ('781-10-98237-23-6', 'O0020', '210');
INSERT INTO Book_Orders VALUES ('333-01-34344-22-7', 'O0020', '350');
INSERT INTO Book_Orders VALUES ('425-12-34567-43-8', 'O0021', '110');
INSERT INTO Book_Orders VALUES ('342-12-34567-89-7', 'O0022', '100');
INSERT INTO Book_Orders VALUES ('334-00-34567-89-7', 'O0023', '100');
INSERT INTO Book_Orders VALUES ('978-12-21111-82-1', 'O0024', '100');
INSERT INTO Book_Orders VALUES ('380-12-11211-12-2', 'O0024', '200');
INSERT INTO Book_Orders VALUES ('978-43-34367-83-2', 'O0025', '50');
GO


--SALE (25 Values)
INSERT INTO Sale VALUES ('S0001', '2021-04-15', 'Sent', 'M0015');
INSERT INTO Sale VALUES ('S0002', '2021-04-15', 'Sent', 'M0001');
INSERT INTO Sale VALUES ('S0003', '2021-04-17', 'Sent', 'M0009');
INSERT INTO Sale VALUES ('S0004', '2021-04-18', 'Sent', 'M0025');
INSERT INTO Sale VALUES ('S0005', '2021-04-20', 'Sent', 'M0028');
INSERT INTO Sale VALUES ('S0006', '2021-04-22', 'Sent', 'M0013');
INSERT INTO Sale VALUES ('S0007', '2021-04-25', 'Sent', 'M0017');
INSERT INTO Sale VALUES ('S0008', '2021-04-25', 'Sent', 'M0029');
INSERT INTO Sale VALUES ('S0009', '2021-04-28', 'Sent', 'M0008');
INSERT INTO Sale VALUES ('S0010', '2021-04-29', 'Sent', 'M0011');

INSERT INTO Sale VALUES ('S0011', '2021-05-15', 'Sent', 'M0015');
INSERT INTO Sale VALUES ('S0012', '2021-05-22', 'Sent', 'M0002');
INSERT INTO Sale VALUES ('S0013', '2021-05-23', 'Sent', 'M0024');
INSERT INTO Sale VALUES ('S0014', '2021-05-25', 'Sent', 'M0028');
INSERT INTO Sale VALUES ('S0015', '2021-05-25', 'Sent', 'M0001');
INSERT INTO Sale VALUES ('S0016', '2021-05-27', 'Sent', 'M0007');
INSERT INTO Sale VALUES ('S0017', '2021-06-17', 'Pending', 'M0005');
INSERT INTO Sale VALUES ('S0018', '2021-06-17', 'Pending', 'M0017');
INSERT INTO Sale VALUES ('S0019', '2021-06-18', 'Pending', 'M0026');
INSERT INTO Sale VALUES ('S0020', '2021-06-18', 'Pending', 'M0022');

INSERT INTO Sale VALUES ('S0021', '2021-06-20', 'Pending', 'M0016');
INSERT INTO Sale VALUES ('S0022', '2021-06-21', 'Pending', 'M0005');
INSERT INTO Sale VALUES ('S0023', '2021-06-23', 'Pending', 'M0027');
INSERT INTO Sale VALUES ('S0024', '2021-06-25', 'Pending', 'M0006');
INSERT INTO Sale VALUES ('S0025', '2021-06-30', 'Pending', 'M0002');
GO


--BOOK-SALE (60 Values)
INSERT INTO Book_Sale VALUES ('988-23-33567-89-4', 'S0001', 1);
INSERT INTO Book_Sale VALUES ('689-15-22345-00-1', 'S0001', 2);
INSERT INTO Book_Sale VALUES ('915-12-33217-84-1', 'S0001', 1);
INSERT INTO Book_Sale VALUES ('900-12-34567-89-7', 'S0002', 3);
INSERT INTO Book_Sale VALUES ('832-56-09478-33-8', 'S0002', 1);
INSERT INTO Book_Sale VALUES ('944-01-36667-66-3', 'S0003', 2);
INSERT INTO Book_Sale VALUES ('666-65-37867-89-7', 'S0003', 1);
INSERT INTO Book_Sale VALUES ('978-12-34333-90-2', 'S0004', 3);
INSERT INTO Book_Sale VALUES ('342-12-34567-89-7', 'S0005', 3);
INSERT INTO Book_Sale VALUES ('223-12-34567-89-7', 'S0005', 4);

INSERT INTO Book_Sale VALUES ('115-12-34567-89-5', 'S0005', 1);
INSERT INTO Book_Sale VALUES ('890-92-34567-89-7', 'S0005', 3);
INSERT INTO Book_Sale VALUES ('922-24-29837-05-2', 'S0006', 1);
INSERT INTO Book_Sale VALUES ('915-12-33217-84-1', 'S0006', 1);
INSERT INTO Book_Sale VALUES ('999-12-34567-22-1', 'S0006', 2);
INSERT INTO Book_Sale VALUES ('380-12-11211-12-2', 'S0007', 1);
INSERT INTO Book_Sale VALUES ('700-12-43654-12-2', 'S0007', 1);
INSERT INTO Book_Sale VALUES ('965-19-45632-99-0', 'S0008', 3);
INSERT INTO Book_Sale VALUES ('978-43-34367-83-2', 'S0008', 1);
INSERT INTO Book_Sale VALUES ('425-12-34567-43-8', 'S0008', 1);

INSERT INTO Book_Sale VALUES ('678-11-32222-89-7', 'S0009', 1);
INSERT INTO Book_Sale VALUES ('115-12-34567-89-5', 'S0009', 1);
INSERT INTO Book_Sale VALUES ('425-12-34567-43-8', 'S0010', 3);
INSERT INTO Book_Sale VALUES ('909-87-09485-33-1', 'S0010', 1);
INSERT INTO Book_Sale VALUES ('988-23-33567-89-4', 'S0010', 3);
INSERT INTO Book_Sale VALUES ('978-12-34567-89-7', 'S0011', 4);
INSERT INTO Book_Sale VALUES ('380-12-11211-12-2', 'S0011', 1);
INSERT INTO Book_Sale VALUES ('425-12-34567-43-8', 'S0012', 2);
INSERT INTO Book_Sale VALUES ('965-19-45632-99-0', 'S0012', 1);
INSERT INTO Book_Sale VALUES ('700-65-09322-42-4', 'S0012', 1);

INSERT INTO Book_Sale VALUES ('872-35-00928-00-9', 'S0013', 1);
INSERT INTO Book_Sale VALUES ('333-01-34344-22-7', 'S0013', 2);
INSERT INTO Book_Sale VALUES ('121-12-22367-49-7', 'S0014', 1);
INSERT INTO Book_Sale VALUES ('342-12-34567-89-7', 'S0015', 5);
INSERT INTO Book_Sale VALUES ('425-12-34567-43-8', 'S0015', 3);
INSERT INTO Book_Sale VALUES ('922-69-83927-11-3', 'S0015', 1);
INSERT INTO Book_Sale VALUES ('978-03-23456-16-0', 'S0016', 1);
INSERT INTO Book_Sale VALUES ('342-12-34567-89-7', 'S0016', 2);
INSERT INTO Book_Sale VALUES ('100-12-34567-10-2', 'S0016', 1);
INSERT INTO Book_Sale VALUES ('925-12-12352-03-5', 'S0016', 3);

INSERT INTO Book_Sale VALUES ('922-69-83927-11-3', 'S0017', 1);
INSERT INTO Book_Sale VALUES ('909-87-09485-33-1', 'S0017', 1);
INSERT INTO Book_Sale VALUES ('978-12-34567-89-7', 'S0018', 2);
INSERT INTO Book_Sale VALUES ('223-12-12423-66-7', 'S0018', 1);
INSERT INTO Book_Sale VALUES ('999-99-67456-89-7', 'S0018', 3);
INSERT INTO Book_Sale VALUES ('872-35-00928-00-9', 'S0019', 1);
INSERT INTO Book_Sale VALUES ('832-56-09478-33-8', 'S0019', 2);
INSERT INTO Book_Sale VALUES ('912-00-98283-43-6', 'S0020', 2);
INSERT INTO Book_Sale VALUES ('334-12-34567-65-2', 'S0020', 1);
INSERT INTO Book_Sale VALUES ('915-12-33217-84-1', 'S0020', 4);

INSERT INTO Book_Sale VALUES ('900-12-34567-89-7', 'S0021', 1);
INSERT INTO Book_Sale VALUES ('223-12-34567-89-7', 'S0021', 1);
INSERT INTO Book_Sale VALUES ('809-12-89238-22-0', 'S0022', 2);
INSERT INTO Book_Sale VALUES ('915-12-33217-84-1', 'S0022', 1);
INSERT INTO Book_Sale VALUES ('689-15-22345-00-1', 'S0023', 3);
INSERT INTO Book_Sale VALUES ('334-00-34567-89-7', 'S0023', 1);
INSERT INTO Book_Sale VALUES ('425-12-34567-43-8', 'S0024', 2);
INSERT INTO Book_Sale VALUES ('380-12-11211-12-2', 'S0025', 2);
INSERT INTO Book_Sale VALUES ('978-43-34367-83-2', 'S0025', 1);
INSERT INTO Book_Sale VALUES ('115-12-34567-89-5', 'S0025', 4);
GO


--CART_ITEM (90 Values)
INSERT INTO Cart_Item VALUES ('C0001', '2', 'M0015', '922-24-29837-05-2');
INSERT INTO Cart_Item VALUES ('C0002', '1', 'M0004', '965-19-45632-99-0');
INSERT INTO Cart_Item VALUES ('C0003', '1', 'M0001', '978-12-34567-89-4');
INSERT INTO Cart_Item VALUES ('C0004', '3', 'M0001', '689-15-22345-00-1');
INSERT INTO Cart_Item VALUES ('C0005', '1', 'M0020', '456-12-34567-89-9');
INSERT INTO Cart_Item VALUES ('C0006', '1', 'M0013', '500-33-33567-89-7');
INSERT INTO Cart_Item VALUES ('C0007', '1', 'M0018', '978-12-34567-89-7');
INSERT INTO Cart_Item VALUES ('C0008', '1', 'M0005', '201-12-12382-32-7');
INSERT INTO Cart_Item VALUES ('C0009', '2', 'M0022', '890-92-34567-89-7');
INSERT INTO Cart_Item VALUES ('C0010', '1', 'M0001', '965-19-45632-99-0');

INSERT INTO Cart_Item VALUES ('C0011', '2', 'M0025', '456-12-34567-89-9');
INSERT INTO Cart_Item VALUES ('C0012', '1', 'M0020', '999-99-67456-89-7');
INSERT INTO Cart_Item VALUES ('C0013', '2', 'M0004', '550-55-55554-54-4');
INSERT INTO Cart_Item VALUES ('C0014', '3', 'M0012', '201-12-12382-32-7');
INSERT INTO Cart_Item VALUES ('C0015', '1', 'M0030', '755-52-09812-08-8');
INSERT INTO Cart_Item VALUES ('C0016', '1', 'M0009', '978-43-34367-83-2');
INSERT INTO Cart_Item VALUES ('C0017', '2', 'M0026', '500-33-33567-89-7');
INSERT INTO Cart_Item VALUES ('C0018', '1', 'M0019', '115-12-34567-89-5');
INSERT INTO Cart_Item VALUES ('C0019', '2', 'M0002', '781-10-98237-23-6');
INSERT INTO Cart_Item VALUES ('C0020', '3', 'M0023', '890-92-34567-89-7');

INSERT INTO Cart_Item VALUES ('C0021', '1', 'M0027', '910-90-03492-22-6');
INSERT INTO Cart_Item VALUES ('C0022', '1', 'M0012', '342-12-34567-89-7');
INSERT INTO Cart_Item VALUES ('C0023', '1', 'M0002', '755-52-09812-08-8');
INSERT INTO Cart_Item VALUES ('C0024', '2', 'M0017', '100-12-34567-10-2');
INSERT INTO Cart_Item VALUES ('C0025', '2', 'M0027', '978-12-34567-89-7');
INSERT INTO Cart_Item VALUES ('C0026', '4', 'M0016', '988-23-33567-89-4');
INSERT INTO Cart_Item VALUES ('C0027', '3', 'M0011', '100-12-34567-10-2');
INSERT INTO Cart_Item VALUES ('C0028', '1', 'M0005', '925-12-12352-03-5');
INSERT INTO Cart_Item VALUES ('C0029', '1', 'M0030', '550-55-55554-54-4');
INSERT INTO Cart_Item VALUES ('C0030', '2', 'M0007', '944-01-36667-66-3');

INSERT INTO Cart_Item VALUES ('C0031', '1', 'M0025', '115-12-34567-89-5');
INSERT INTO Cart_Item VALUES ('C0032', '1', 'M0017', '872-35-00928-00-9');
INSERT INTO Cart_Item VALUES ('C0033', '2', 'M0004', '755-52-09812-08-8');
INSERT INTO Cart_Item VALUES ('C0034', '1', 'M0019', '223-12-34567-89-7');
INSERT INTO Cart_Item VALUES ('C0035', '2', 'M0015', '978-03-23456-16-0');
INSERT INTO Cart_Item VALUES ('C0036', '3', 'M0030', '678-11-32222-89-7');
INSERT INTO Cart_Item VALUES ('C0037', '3', 'M0014', '700-12-43654-12-2');
INSERT INTO Cart_Item VALUES ('C0038', '1', 'M0025', '201-12-12382-32-7');
INSERT INTO Cart_Item VALUES ('C0039', '1', 'M0022', '999-99-67456-89-7');
INSERT INTO Cart_Item VALUES ('C0040', '1', 'M0002', '978-12-34567-89-7');

INSERT INTO Cart_Item VALUES ('C0041', '2', 'M0020', '201-12-12382-32-7');
INSERT INTO Cart_Item VALUES ('C0042', '1', 'M0007', '922-69-83927-11-3');
INSERT INTO Cart_Item VALUES ('C0043', '2', 'M0005', '100-12-34567-10-2');
INSERT INTO Cart_Item VALUES ('C0044', '1', 'M0010', '666-65-37867-89-7');
INSERT INTO Cart_Item VALUES ('C0045', '1', 'M0029', '666-65-37867-89-7');
INSERT INTO Cart_Item VALUES ('C0046', '2', 'M0003', '978-12-34567-89-7');
INSERT INTO Cart_Item VALUES ('C0047', '3', 'M0027', '678-11-32222-89-7');
INSERT INTO Cart_Item VALUES ('C0048', '1', 'M0011', '100-12-34567-10-2');
INSERT INTO Cart_Item VALUES ('C0049', '1', 'M0004', '710-49-89487-90-2');
INSERT INTO Cart_Item VALUES ('C0050', '1', 'M0008', '978-43-34367-83-2');

INSERT INTO Cart_Item VALUES ('C0051', '3', 'M0015', '342-12-34567-89-7');
INSERT INTO Cart_Item VALUES ('C0052', '1', 'M0002', '223-12-12423-66-7');
INSERT INTO Cart_Item VALUES ('C0053', '2', 'M0030', '978-03-23456-16-0');
INSERT INTO Cart_Item VALUES ('C0054', '1', 'M0017', '342-12-34567-89-7');
INSERT INTO Cart_Item VALUES ('C0055', '1', 'M0007', '978-12-21111-82-1');
INSERT INTO Cart_Item VALUES ('C0056', '4', 'M0018', '550-55-55554-54-4');
INSERT INTO Cart_Item VALUES ('C0057', '1', 'M0022', '809-12-89238-22-0');
INSERT INTO Cart_Item VALUES ('C0058', '1', 'M0003', '223-12-12423-66-7');
INSERT INTO Cart_Item VALUES ('C0059', '1', 'M0012', '978-43-34367-83-2');
INSERT INTO Cart_Item VALUES ('C0060', '2', 'M0025', '425-12-34567-43-8');

INSERT INTO Cart_Item VALUES ('C0061', '1', 'M0010', '334-12-34567-65-2');
INSERT INTO Cart_Item VALUES ('C0062', '1', 'M0023', '700-65-09322-42-4');
INSERT INTO Cart_Item VALUES ('C0063', '1', 'M0004', '121-12-22367-49-7');
INSERT INTO Cart_Item VALUES ('C0064', '2', 'M0026', '915-12-33217-84-1');
INSERT INTO Cart_Item VALUES ('C0065', '1', 'M0019', '223-12-34567-89-7');
INSERT INTO Cart_Item VALUES ('C0066', '1', 'M0014', '912-00-98283-43-6');
INSERT INTO Cart_Item VALUES ('C0067', '2', 'M0030', '334-00-34567-89-7');
INSERT INTO Cart_Item VALUES ('C0068', '1', 'M0012', '550-55-55554-54-4');
INSERT INTO Cart_Item VALUES ('C0069', '3', 'M0019', '121-12-22367-49-7');
INSERT INTO Cart_Item VALUES ('C0070', '1', 'M0016', '978-12-34333-90-2');

INSERT INTO Cart_Item VALUES ('C0071', '2', 'M0004', '978-12-34333-90-2');
INSERT INTO Cart_Item VALUES ('C0072', '1', 'M0023', '872-35-00928-00-9');
INSERT INTO Cart_Item VALUES ('C0073', '1', 'M0019', '100-12-34567-10-2');
INSERT INTO Cart_Item VALUES ('C0074', '2', 'M0007', '380-12-11211-12-2');
INSERT INTO Cart_Item VALUES ('C0075', '1', 'M0029', '112-11-12312-23-7');
INSERT INTO Cart_Item VALUES ('C0076', '1', 'M0006', '200-12-00001-29-7');
INSERT INTO Cart_Item VALUES ('C0077', '2', 'M0020', '909-87-09485-33-1');
INSERT INTO Cart_Item VALUES ('C0078', '2', 'M0011', '890-92-34567-89-7');
INSERT INTO Cart_Item VALUES ('C0079', '2', 'M0025', '121-12-22367-49-7');
INSERT INTO Cart_Item VALUES ('C0080', '1', 'M0003', '334-00-34567-89-7');

INSERT INTO Cart_Item VALUES ('C0081', '1', 'M0030', '223-12-34567-89-7');
INSERT INTO Cart_Item VALUES ('C0082', '1', 'M0004', '900-12-34567-89-7');
INSERT INTO Cart_Item VALUES ('C0083', '2', 'M0029', '200-12-00001-29-7');
INSERT INTO Cart_Item VALUES ('C0084', '1', 'M0026', '910-90-03492-22-6');
INSERT INTO Cart_Item VALUES ('C0085', '2', 'M0021', '978-12-34567-39-2');
INSERT INTO Cart_Item VALUES ('C0086', '1', 'M0014', '978-43-34367-83-2');
INSERT INTO Cart_Item VALUES ('C0087', '1', 'M0003', '832-56-09478-33-8');
INSERT INTO Cart_Item VALUES ('C0088', '4', 'M0021', '999-12-34567-22-1');
INSERT INTO Cart_Item VALUES ('C0089', '2', 'M0008', '678-11-32222-89-7');
INSERT INTO Cart_Item VALUES ('C0090', '1', 'M0017', '909-87-09485-33-1');
GO


--FEEDBACK (40 Values)
INSERT INTO Feedback VALUES ('F0001', 'This was my favorite book of the year by far. I wish I could read "Underland" again for the first time.', '10', 'M0013', '755-52-09812-08-8');
INSERT INTO Feedback VALUES ('F0002', '"Such a Fun Age" kept me interested until the end and it was a very good and interesting read.', '7', 'M0020', '978-12-21111-82-1');
INSERT INTO Feedback VALUES ('F0003', 'I was blown away by the author’s ability to write such phenomenal scenes. I would recommend "Caste: The Origins of Our Discontents" to anyone.', '9', 'M0001', '999-99-67456-89-7');
INSERT INTO Feedback VALUES ('F0004', '"The Guest List" started and ended strong, but the middle was hazy. It had true potential, but the telling left much to be desired.', '6', 'M0027', '678-11-32222-89-7');
INSERT INTO Feedback VALUES ('F0005', 'The story was beautifully written, with a consistent style and tone.', '7','M0012', '915-12-33217-84-1');
INSERT INTO Feedback VALUES ('F0006', 'Everything about "Wynd" was beautifully complex and I can feel the characters emotions. I would recommend it to anyone.', '9', 'M0030', '201-12-12382-32-7');
INSERT INTO Feedback VALUES ('F0007', 'I was very sure that "Local Woman Missing" would become one of my favorites, but the story did not draw me in.', '6', 'M0021', '100-12-34567-10-2');
INSERT INTO Feedback VALUES ('F0008', '"Hang the Moon" was original, and well written. I would recommend this book to anyone.', '7', 'M0005', '115-12-34567-89-5');
INSERT INTO Feedback VALUES ('F0009', '"Tweet Cute" was fast-paced, engaging and suspenseful. "Tweet Cute" has ruined me for all other books!', '9', 'M0028', '910-90-03492-22-6');
INSERT INTO Feedback VALUES ('F0010', 'I thought "Incredible Doom" was going to be better than it turned out to be. Nothing was resolved at the ending of "Incredible Doom".', '6', 'M0022', '380-12-11211-12-2');

INSERT INTO Feedback VALUES ('F0011', '"A Good Girl Guide to Murder" was excellent, a real page-turner. Read "A Good Girl Guide to Murder"! I promise, you’ll be hooked.', '10', 'M0014', '978-03-23456-16-0');
INSERT INTO Feedback VALUES ('F0012', 'This was a smooth flowing story with lots of action and very likeable characters. It was a joy to read.', '7', 'M0004', '223-12-34567-89-7');
INSERT INTO Feedback VALUES ('F0013', '"Ariadne" had standard tropes delivered with a smooth writing style. I would recommend "Ariadne" to any fan of the genre.', '8', 'M0007', '550-55-55554-54-4');
INSERT INTO Feedback VALUES ('F0014', 'I had to force myself to finish "The Vanishing Half". The storyline was simply unbelievable. This was a terrible example of the genre.', '2', 'M0011', '978-43-34367-83-2');
INSERT INTO Feedback VALUES ('F0015', 'The writing style was consistent and the exposition did not slow the plot overly much. I would recommend "Turtle to Paradise" to my friends.', '8', 'M0001', '666-65-37867-89-7');
INSERT INTO Feedback VALUES ('F0016', '"China: The Novel" was such a special read. The characters were well written, memorable, and distinctive.', '7', 'M0019', '900-12-34567-89-7');
INSERT INTO Feedback VALUES ('F0017', 'The characters each played a vital role in "Shadow Witch". I connected to these characters so deeply that I did not want their story to end.', '9', 'M0010', '710-49-89487-90-2');
INSERT INTO Feedback VALUES ('F0018', 'The characters in "One of Us Is Next" were two-dimensional and lacked depth. I struggled to empathize, relate to, or care about what happened to them.', '4', 'M0006', '965-19-45632-99-0');
INSERT INTO Feedback VALUES ('F0019', '"Mary Jane" did not draw me in, and I got bored and had to force myself to keep reading.', '5', 'M0003', '890-92-34567-89-7');
INSERT INTO Feedback VALUES ('F0020', 'The world-building in "I Feel Bad About My Neck" was superb and each scene was easy to visualize based on the characters senses and mood.', '8', 'M0021', '922-69-83927-11-3');
INSERT INTO Feedback VALUES ('F0021', 'The text was well written and engaging. The writing style was consistent and the exposition did not slow the plot overly much.', '7', 'M0026', '978-12-34567-89-4');

INSERT INTO Feedback VALUES ('F0022', 'The characters were so real and memorable that they could step outside the pages and be in the room with you. I would recommend it to anyone.', '9', 'M0009', '978-12-34567-89-7');
INSERT INTO Feedback VALUES ('F0023', 'I found it hard to put "To Sleep in a Sea of Stars" down. It was fast-paced, engaging and suspenseful; a joy to read.', '7', 'M0015', '121-12-22367-49-7');
INSERT INTO Feedback VALUES ('F0024', '"Project Hail Mary" was a very good and interesting read. This was a smooth flowing story with lots of action and very likeable characters.', '8', 'M0025', '500-33-33567-89-7');
INSERT INTO Feedback VALUES ('F0025', 'The writing style of "Seven Brief Lessons on Physics" was consistent and used precise words so that exposition did not slow the pace.', '10', 'M0023', '781-10-98237-23-6');
INSERT INTO Feedback VALUES ('F0026', 'The characters in "The Plot" were unrealistic. I skipped past pages of boring dialogue.', '2', 'M0017', '900-10-30007-00-0');
INSERT INTO Feedback VALUES ('F0027', 'Each scene in "The Inheritance Game" lead toward a larger goal, but the ending left some questions unanswered.', '7', 'M0018', '922-24-29837-05-2');
INSERT INTO Feedback VALUES ('F0028', '"Strange Planet" had standard tropes delivered with a smooth writing style. I would recommend "Strange Planet" to my friends.', '8', 'M0023', '425-12-34567-43-8');
INSERT INTO Feedback VALUES ('F0029', 'The plot in "Heartstopper: Volume Three" was cleverly woven, with each scene leading toward a larger goal. It started and ended strong.', '9', 'M0008', '456-12-34567-89-9');
INSERT INTO Feedback VALUES ('F0030', '"Majesty" was a very good and interesting read. The dialogue in "Majesty" was nice and tight.', '8', 'M0028', '909-87-09485-33-1');

INSERT INTO Feedback VALUES ('F0031', '"Coraline" meandered through the middle and I didnt like the ending. I would not recommend it to my friends.', '4', 'M0016', '809-12-89238-22-0');
INSERT INTO Feedback VALUES ('F0032', '"The Hand On The Wall" had true potential. This was a smooth flowing story with lots of action and very likeable characters.', '8', 'M0008', '912-00-98283-43-6');
INSERT INTO Feedback VALUES ('F0033', '"From Blood and Ash" was impossible to put down. Everything about "From Blood and Ash" was beautifully complex.', '10', 'M0006', '334-12-34567-65-2');
INSERT INTO Feedback VALUES ('F0034', 'I was very sure that "The Switch" would become one of my favorites, but the story did not draw me in.', '6', 'M0029', '700-12-43654-12-2');
INSERT INTO Feedback VALUES ('F0035', '"Lets Talk About Hard Things" was a very good and interesting read and it was a great example of the genre.', '8', 'M0020', '978-12-34567-39-2');
INSERT INTO Feedback VALUES ('F0036', '"Felix Ever After" was too simple and naive. I would not recommend "Felix Ever After" to fans of the genre.', '5', 'M0030', '944-01-36667-66-3');
INSERT INTO Feedback VALUES ('F0037', '"A Little Life" was fast-paced, engaging and suspenseful. This was my favorite book of the year by far.', '9', 'M0007', '832-56-09478-33-8');
INSERT INTO Feedback VALUES ('F0038', 'The story of "A Promised Land" did not draw me in, and I got bored and had to force myself to keep reading.', '5', 'M0029', '999-12-34567-22-1');
INSERT INTO Feedback VALUES ('F0039', 'The writing was amateurish and there were some inconsistencies in the style. However, the page layout and cover design is good.', '7', 'M0015', '872-35-00928-00-9');
INSERT INTO Feedback VALUES ('F0040', '"You Should See Me In A Crown" was a joy to read. The characters drove the plot to a satisfying conclusion, and resolved every issue.', '8', 'M0027', '925-12-12352-03-5');
GO
